one_four	two_three	one_two
18	-14	19
-34	-27	75
12	-15	83
33	-31	146
70	-68	69
28	-26	27
26	-22	22
17	-15	17
178	-83	86
16	-17	38
31	-29	30
30	-19	26
22	-20	21
14	-20	21
17	-15	147
28	-26	27
17	-15	16
26	-24	28
16	-14	15
19	-16	16
25	-23	24
16	-14	-84
24	-14	-67
22	-20	21
18	-18	14
26	-19	-55
19	-24	22
28	-26	27
23	-21	96
21	-19	-22
17	-15	16
17	-15	42
18	-18	18
30	-28	29
19	-17	20
42	-41	95
42	-41	95
38	-36	37
17	-15	-12
53	-50	53
21	-20	30
17	-15	-96
22	-16	23
19	-17	18
20	-18	19
26	-20	17
31	-29	30
14	-14	15
33	-31	32
17	-14	126
17	-14	126
43	-41	42
17	-15	16
19	-17	18
20	-17	20
31	-29	101
27	-25	26
25	-23	24
19	-15	7
19	-15	7
22	-19	21
27	-25	79
16	-14	6
19	-15	27
16	-14	56
15	-16	66
18	-18	80
16	-14	15
16	-14	15
42	-40	41
31	-29	30
27	-14	11
74	-72	73
16	-14	18
19	-19	43
19	-17	29
34	-32	33
20	-15	22
17	-21	22
31	-29	30
25	-23	24
5	-15	-11
27	-25	25
23	-14	33
16	-14	48
25	-23	24
20	-14	8
36	-34	35
13	-14	23
16	-14	88
27	-22	47
39	-29	75
19	-17	18
84	-82	83
36	-34	35
28	-26	27
34	-32	33
34	-31	30
18	-15	111
35	-33	34
53	-28	110
19	-14	15
23	-15	31
23	-15	31
20	-21	28
18	-16	-8
26	-17	58
14	-15	8
35	-33	35
23	-21	22
18	-16	6
38	-36	36
18	-16	10
23	-22	-20
23	-22	-20
125	-25	28
25	-23	24
29	-20	24
32	-30	31
79	-77	70
17	-15	12
30	-28	29
16	-14	-11
21	-19	20
17	-15	20
19	-17	18
19	-17	18
19	-20	19
27	-25	73
52	-50	51
12	-17	7
48	-46	47
16	-14	-26
42	-40	161
144	-42	62
63	-61	62
17	-15	15
23	-22	95
15	-15	-5
62	-60	32
26	-24	25
17	-15	-14
77	-36	73
32	-30	31
23	-25	22
179	-77	78
20	-18	22
21	-19	47
21	-19	47
25	-23	24
28	-26	27
116	-14	16
31	-15	23
25	-23	-22
18	-16	-75
17	-14	1
47	-45	46
38	-36	37
16	-14	-14
19	-17	18
38	-36	-44
34	-31	38
44	-42	43
17	-15	16
26	-17	24
26	-24	25
31	-29	-20
17	-15	18
29	-27	28
26	-24	25
125	-26	68
18	-16	22
21	-19	20
27	-25	26
16	-14	61
33	-31	32
14	-14	15
30	-19	19
31	-29	30
29	-24	26
29	-27	28
11	-14	21
18	-16	95
18	-16	95
13	-22	-1
25	-23	24
26	-24	-19
13	-16	6
16	-14	-37
28	-26	80
20	-14	18
28	-15	14
28	-15	14
18	-14	-7
28	-14	-47
21	-17	88
264	-93	197
18	-15	22
15	-14	4
20	-18	26
36	-20	13
37	-35	36
17	-15	-21
16	-14	10
16	-14	18
25	-23	24
40	-15	51
23	-21	-6
34	-32	33
28	-26	27
31	-47	74
16	-14	55
14	-14	-17
48	-27	40
32	-19	39
25	-23	-19
21	-21	22
17	-15	16
15	-15	-60
15	-15	-60
32	-30	31
19	-17	18
27	-25	26
17	-15	16
20	-15	85
34	-32	33
25	-23	-63
17	-15	-1
14	-14	25
-10	-14	16
21	-19	20
29	-27	-46
175	-84	179
26	-24	25
16	-14	59
25	-23	24
12	-14	22
16	-14	86
21	-19	-20
17	-15	-71
21	-19	20
36	-34	35
16	-14	-66
132	-30	39
11	-15	4
27	-25	-1
27	-25	-1
23	-21	-74
34	-32	33
27	-15	-83
26	-16	93
29	-27	28
47	-30	31
32	-30	31
16	-14	-23
21	-19	24
27	-20	17
16	-14	34
30	-18	41
16	-19	-8
31	-20	23
42	-28	32
32	-31	30
23	-19	17
23	-19	17
25	-23	29
29	-27	28
30	-28	115
21	-19	14
17	-15	16
28	-26	62
16	-14	86
23	-17	5
34	-32	33
-9	-14	15
38	-36	115
27	-25	32
21	-21	17
43	-41	-14
43	-41	-14
16	-14	17
24	-21	11
19	-17	18
19	-15	-11
42	-40	41
20	-14	16
27	-25	28
25	-19	20
24	-22	23
29	-29	-115
25	-23	-34
18	-16	8
21	-20	-2
23	-16	12
38	-36	37
16	-14	130
23	-21	22
70	-68	69
14	-14	28
17	-15	97
17	-15	22
25	-20	21
22	-20	53
21	-19	20
20	-14	12
12	-14	24
26	-24	-18
17	-15	10
9	-14	19
33	-31	32
18	-16	16
16	-14	5
30	-28	29
17	-15	16
46	-44	45
16	-14	19
34	-32	33
38	-36	37
15	-15	-7
9	-15	31
24	-22	28
31	-29	94
13	-15	74
13	-15	74
19	-17	22
38	-36	37
24	-22	23
19	-14	16
21	-19	20
37	-35	36
17	-14	141
4	-14	80
16	-14	35
149	-48	10
17	-15	-24
17	-15	-28
83	-81	85
23	-23	110
18	-16	17
23	-21	22
17	-15	20
21	-17	20
25	-23	24
47	-45	46
16	-14	41
17	-15	16
118	-15	16
17	-15	44
17	-15	16
19	-17	18
17	-14	-5
18	-16	17
23	-23	22
41	-39	40
-9	-17	20
25	-28	13
17	-15	16
17	-15	43
31	-29	-14
34	-32	33
20	-18	19
34	-32	10
16	-14	10
25	-23	24
16	-14	-4
17	-15	16
53	-51	52
100	-53	95
16	-14	140
19	-17	19
18	-16	-28
36	-34	35
30	-29	54
7	-15	8
-9	-15	-48
15	-14	-2
30	-19	17
26	-24	25
19	-17	21
17	-15	3
24	-22	23
19	-17	18
15	-15	-8
23	-19	-66
12	-15	16
27	-25	26
20	-52	55
28	-26	88
19	-17	18
17	-15	16
16	-14	-24
27	-25	26
27	-18	-95
17	-15	16
17	-15	38
17	-15	53
13	-14	32
17	-15	15
24	-16	8
19	-14	-7
14	-14	0
16	-14	54
16	-14	18
19	-18	117
18	-16	-11
39	-34	35
22	-17	27
16	-14	-18
32	-30	31
44	-42	43
30	-28	29
16	-14	28
22	-23	26
14	-15	10
27	-25	26
18	-15	24
21	-19	-55
16	-14	-4
33	-19	24
74	-72	73
17	-15	16
33	-22	-3
17	-15	16
18	-15	16
21	-19	20
6	-14	4
18	-18	30
21	-15	144
31	-29	30
16	-14	15
27	-25	26
20	-14	17
15	-15	24
17	-15	76
17	-15	76
13	-15	24
34	-32	33
18	-15	-5
19	-17	18
14	-16	36
15	-14	104
16	-14	20
17	-15	16
27	-25	26
33	-31	32
13	-15	18
17	-15	-8
33	-31	32
21	-18	45
16	-14	14
22	-20	30
17	-15	61
16	-14	58
16	-14	39
32	-30	-30
35	-39	4
23	-21	-21
26	-24	25
16	-14	-41
147	-37	31
29	-16	20
14	-14	8
13	-15	12
93	-24	83
18	-16	63
16	-14	15
28	-26	27
30	-28	29
17	-15	16
13	-14	30
15	-14	5
20	-18	-23
25	-23	24
16	-14	72
16	-14	-80
36	-34	35
18	-18	26
16	-14	10
49	-47	-10
17	-15	16
60	-44	59
21	-17	-17
25	-23	78
28	-17	25
274	-76	217
19	-17	18
27	-20	22
27	-20	114
21	-19	-6
34	-32	33
16	-14	17
16	-14	17
12	-16	6
26	-24	25
19	-14	37
30	-28	29
25	-17	23
11	-14	17
11	-14	17
11	-21	9
18	-16	16
25	-23	24
37	-35	125
103	-73	93
36	-34	35
16	-14	16
14	-14	65
34	-32	39
30	-31	43
11	-14	-8
40	-38	39
24	-14	-8
41	-39	40
17	-15	15
23	-22	16
16	-15	18
19	-17	20
176	-76	112
19	-17	18
131	-30	31
32	-30	31
30	-28	27
30	-28	27
40	-38	39
25	-23	24
36	-34	35
35	-33	34
16	-14	69
16	-14	69
18	-16	38
18	-16	38
70	-68	69
18	-20	29
25	-23	-29
19	-15	19
35	-33	34
38	-36	34
32	-30	31
20	-15	131
34	-32	33
28	-26	27
22	-20	101
16	-14	75
12	-14	6
16	-14	98
148	-49	50
51	-49	50
16	-19	7
24	-22	23
14	-20	11
20	-16	3
21	-16	155
16	-14	25
17	-15	16
41	-39	37
25	-23	-9
17	-22	15
31	-33	78
17	-15	59
37	-35	32
30	-19	24
17	-14	-1
26	-24	117
22	-16	-33
123	-19	18
29	-27	28
30	-28	29
17	-15	16
29	-27	-39
18	-15	36
26	-24	25
28	-26	27
24	-22	23
33	-31	32
119	-20	39
11	-16	19
31	-29	30
28	-26	27
17	-15	33
21	-15	15
16	-14	42
31	-29	30
50	-48	-48
31	-23	25
132	-30	-18
17	-15	11
18	-16	22
40	-38	39
16	-14	-125
15	-15	97
30	-28	29
26	-20	23
37	-31	36
19	-17	18
36	-34	35
27	-25	33
31	-17	58
33	-31	32
33	-31	32
17	-15	16
37	-35	36
24	-15	-66
61	-59	80
18	-16	24
31	-25	21
22	-20	23
150	-55	69
66	-64	69
17	-15	16
19	-15	78
19	-15	34
21	-19	20
33	-31	32
21	-19	20
105	-18	27
122	-18	26
17	-15	10
18	-15	-9
22	-14	-6
17	-15	16
30	-28	29
20	-18	5
117	-15	99
15	-15	-39
17	-15	-6
19	-15	20
21	-14	33
37	-25	33
16	-14	48
32	-30	-24
84	-82	83
16	-14	-13
27	-25	26
19	-15	-110
19	-16	39
21	-18	150
48	-46	-7
20	-15	69
8	-17	6
19	-17	12
34	-32	33
19	-16	-7
157	-66	68
24	-21	23
23	-21	-6
18	-17	10
19	-16	16
18	-16	-10
31	-14	27
28	-14	19
24	-22	-32
27	-25	26
18	-15	92
18	-15	92
23	-22	22
28	-26	27
35	-33	-34
117	-14	28
17	-15	12
27	-23	28
21	-19	20
32	-30	31
36	-23	31
34	-32	32
35	-33	135
12	-14	27
22	-20	21
26	-24	25
24	-22	23
46	-36	18
19	-17	20
23	-14	31
19	-17	18
16	-14	-60
16	-14	13
21	-19	20
24	-17	25
32	-30	31
24	-22	23
118	-24	31
112	-14	36
24	-22	24
48	-29	34
32	-30	33
11	-16	6
16	-14	104
31	-29	28
16	-14	19
25	-20	25
17	-15	-64
33	-31	32
17	-15	28
20	-16	11
26	-26	8
16	-14	80
75	-14	16
18	-16	9
16	-14	18
18	-16	17
18	-16	150
18	-16	11
18	-16	11
22	-18	17
26	-24	25
24	-22	23
19	-21	19
16	-14	18
21	-19	28
32	-30	31
19	-17	18
40	-38	39
21	-19	20
33	-30	121
41	-39	40
32	-30	-19
26	-24	25
25	-23	24
23	-21	22
25	-23	24
140	-45	113
16	-14	92
18	-16	15
18	-16	15
26	-24	25
19	-18	22
115	-15	67
33	-20	57
19	-17	8
19	-17	17
20	-15	43
64	-51	46
29	-28	26
16	-16	2
7	-15	17
19	-17	18
44	-42	27
44	-42	27
17	-15	16
25	-23	24
29	-27	28
22	-20	21
17	-15	-7
19	-14	88
38	-35	36
41	-18	65
22	-20	154
19	-18	48
18	-14	6
19	-24	19
13	-14	132
17	-17	22
11	-16	11
27	-25	26
22	-20	21
19	-17	18
119	-17	72
16	-14	125
15	-14	18
31	-29	30
17	-15	39
14	-16	15
168	-66	149
20	-14	18
28	-26	27
16	-14	15
49	-47	28
49	-47	28
27	-25	26
18	-16	17
31	-29	30
16	-14	15
17	-15	24
17	-15	16
58	-56	57
14	-15	-3
30	-28	29
25	-23	23
34	-27	27
25	-23	24
19	-17	18
17	-15	16
13	-14	35
17	-15	15
16	-17	130
23	-20	-65
43	-42	33
29	-15	10
51	-49	50
28	-16	20
27	-25	26
16	-14	-20
17	-14	63
17	-14	63
14	-14	2
24	-18	135
18	-16	23
67	-28	68
15	-15	26
20	-15	13
11	-14	-8
50	-48	50
17	-15	16
34	-32	33
17	-14	5
26	-24	25
21	-19	25
23	-21	22
14	-14	12
24	-16	19
18	-17	31
26	-24	28
19	-18	137
17	-16	-1
17	-16	-1
17	-15	16
20	-15	3
19	-14	-61
46	-21	18
16	-17	24
16	-17	24
16	-14	150
31	-29	30
35	-26	26
27	-25	26
19	-16	25
18	-18	-36
12	-14	30
19	-17	18
108	-15	16
24	-15	95
18	-16	16
24	-22	23
26	-24	30
26	-24	30
31	-29	30
17	-15	-118
24	-22	-25
7	-14	5
34	-32	33
24	-22	23
28	-26	26
17	-15	15
32	-30	31
14	-17	20
30	-28	29
21	-15	-94
17	-18	-46
15	-23	20
18	-15	16
53	-51	53
29	-24	130
56	-54	-44
17	-15	18
21	-14	10
23	-15	2
21	-19	109
16	-14	129
23	-14	-102
35	-19	30
24	-22	-70
29	-27	28
40	-34	29
31	-31	28
33	-31	32
18	-16	18
21	-16	-60
21	-16	-60
47	-45	-11
19	-19	16
21	-19	30
17	-15	16
21	-19	109
15	-14	-88
13	-14	-54
15	-16	1
16	-14	17
21	-19	20
22	-18	109
14	-14	-44
30	-25	32
226	-104	224
120	-28	124
21	-17	16
37	-35	36
16	-14	8
20	-18	19
16	-14	16
20	-16	13
38	-36	37
35	-33	37
17	-14	-30
38	-36	36
32	-30	31
39	-37	36
25	-23	21
37	-35	36
17	-15	18
27	-25	43
17	-15	47
21	-19	158
124	-23	-119
17	-15	16
16	-14	40
18	-16	-21
19	-17	50
23	-21	22
16	-14	39
31	-29	30
-2	-15	17
19	-17	18
22	-20	21
22	-20	-47
82	-80	82
7	-15	18
24	-16	23
19	-17	28
20	-14	41
20	-15	30
19	-17	22
17	-15	16
16	-14	145
17	-15	16
35	-33	34
17	-15	18
28	-26	27
32	-21	20
19	-17	44
30	-28	22
17	-15	16
17	-14	21
30	-28	27
20	-18	-64
23	-17	30
15	-15	40
24	-22	15
20	-14	2
33	-31	32
16	-14	63
22	-26	22
35	-33	34
17	-15	60
108	-14	20
16	-21	20
383	-204	250
19	-17	20
30	-23	33
14	-16	-24
31	-25	66
31	-25	66
19	-17	16
32	-30	31
28	-26	27
25	-23	24
32	-22	42
16	-14	20
37	-35	36
24	-22	23
34	-28	27
31	-29	30
33	-31	32
126	-29	40
41	-39	40
16	-14	48
18	-15	114
16	-15	-22
20	-18	46
22	-20	46
25	-16	26
32	-30	31
20	-15	23
16	-14	16
21	-19	20
21	-19	10
30	-20	102
12	-16	-5
20	-17	42
19	-17	18
12	-14	22
43	-41	42
18	-16	-34
39	-27	73
18	-16	19
28	-26	27
16	-14	47
16	-15	18
18	-15	19
24	-22	23
13	-15	16
29	-27	28
29	-27	28
29	-27	28
26	-24	25
33	-31	32
16	-14	46
15	-14	44
34	-30	33
34	-30	33
21	-19	53
17	-15	16
24	-22	23
15	-16	-64
22	-20	61
181	-74	105
19	-17	-85
28	-18	8
41	-26	51
19	-17	42
25	-23	85
18	-18	47
20	-18	77
35	-33	34
33	-31	32
27	-25	26
26	-23	28
21	-36	-52
36	-34	41
16	-14	16
16	-14	15
29	-27	86
16	-14	59
17	-15	16
17	-16	-93
17	-16	-93
16	-14	16
14	-14	-6
18	-17	12
17	-15	16
22	-14	-104
28	-22	27
23	-16	182
41	-39	40
29	-27	28
20	-18	47
13	-14	17
23	-21	22
2	-19	-4
20	-17	43
28	-14	18
29	-27	86
18	-14	19
12	-15	82
12	-15	82
16	-14	-10
16	-14	-10
29	-22	64
16	-14	39
20	-16	105
20	-16	105
21	-19	97
26	-24	25
28	-26	27
178	-83	86
18	-16	17
31	-29	30
30	-19	26
42	-40	41
14	-20	21
17	-15	15
17	-15	105
20	-15	-18
17	-15	16
16	-14	15
19	-16	16
19	-16	5
25	-23	24
31	-29	30
36	-34	35
18	-18	14
41	-39	40
31	-29	30
18	-16	17
37	-35	36
42	-40	-37
42	-40	-37
17	-15	16
15	-15	153
33	-31	32
16	-14	69
35	-33	34
25	-14	26
17	-15	16
29	-27	28
40	-17	10
17	-15	42
30	-28	29
21	-19	20
38	-36	37
17	-15	16
48	-46	23
21	-20	30
27	-25	26
18	-18	25
21	-19	20
26	-20	17
40	-38	42
23	-21	22
22	-20	21
19	-17	19
19	-14	18
31	-29	26
18	-14	12
45	-42	99
45	-42	99
19	-15	7
19	-15	7
22	-19	21
17	-15	18
23	-21	48
19	-17	-3
19	-15	27
17	-19	37
18	-18	80
24	-14	21
18	-16	19
20	-18	-43
27	-25	26
16	-14	-12
17	-15	6
16	-14	-33
16	-14	-16
23	-21	148
26	-24	25
27	-14	11
21	-16	46
27	-22	17
17	-15	18
20	-20	139
19	-17	29
44	-42	-25
17	-21	22
25	-23	24
-20	-21	-63
23	-14	33
18	-15	12
17	-15	22
17	-15	42
17	-15	18
20	-14	8
13	-14	23
15	-21	22
27	-22	47
84	-82	83
27	-25	-80
115	-18	261
36	-34	35
17	-15	152
34	-32	33
33	-31	32
34	-24	29
53	-28	110
37	-29	30
19	-14	15
118	-29	77
16	-14	76
20	-21	28
14	-15	8
28	-26	27
144	-51	55
56	-54	55
36	-34	35
23	-21	22
14	-14	13
21	-19	20
25	-23	24
34	-27	28
34	-27	28
19	-17	81
29	-20	24
32	-30	31
45	-26	11
27	-14	-83
30	-28	29
42	-40	97
17	-15	20
56	-54	55
18	-16	20
23	-16	46
16	-14	14
15	-14	-10
36	-20	59
19	-17	18
13	-15	104
40	-38	27
-150	-15	-89
28	-15	17
17	-15	15
15	-15	-5
23	-24	11
26	-24	25
20	-14	12
77	-36	73
125	-34	44
179	-77	78
14	-15	9
17	-15	-15
28	-26	27
19	-21	45
19	-21	45
119	-20	-60
27	-25	26
120	-17	115
111	-18	81
18	-16	-75
18	-16	12
18	-16	12
23	-21	22
35	-29	34
17	-14	1
19	-17	18
19	-17	18
44	-42	43
86	-84	101
22	-15	-17
34	-25	24
26	-24	25
26	-17	1
114	-22	55
16	-14	18
18	-16	17
18	-16	-5
14	-14	15
30	-19	19
31	-29	30
34	-32	33
29	-27	28
11	-14	21
17	-15	-14
13	-16	7
35	-33	-42
13	-22	-1
26	-24	25
39	-24	133
20	-14	18
28	-15	14
23	-26	20
15	-14	4
24	-22	26
36	-20	13
29	-27	28
37	-35	36
14	-14	-5
18	-16	41
23	-21	-14
16	-14	10
133	-42	145
25	-23	24
32	-30	31
40	-15	51
19	-17	18
17	-15	-39
34	-32	33
16	-14	-121
19	-17	18
37	-35	37
32	-30	29
31	-47	74
32	-30	31
28	-26	27
35	-18	11
33	-31	-25
17	-15	-22
15	-15	-60
32	-30	31
18	-16	17
27	-25	26
16	-14	16
19	-17	18
20	-15	93
21	-15	-130
27	-25	26
115	-14	17
27	-19	28
17	-15	16
25	-23	24
34	-32	33
21	-20	9
14	-14	25
18	-16	53
17	-15	124
17	-15	17
17	-15	34
17	-15	-40
24	-16	9
14	-14	-82
123	-21	263
17	-15	-4
25	-23	24
24	-15	-16
12	-14	22
17	-15	14
21	-19	20
26	-25	25
16	-14	-66
40	-38	39
17	-15	16
29	-27	28
20	-14	139
11	-15	4
20	-16	-66
115	-14	26
27	-25	26
21	-19	20
17	-15	0
20	-18	-1
34	-32	33
-6	-15	-2
26	-16	93
21	-19	46
18	-18	65
47	-30	31
32	-30	31
27	-18	17
17	-15	109
30	-18	41
115	-14	28
36	-25	28
17	-15	36
31	-20	23
42	-28	32
17	-15	-72
17	-17	-5
21	-22	-6
21	-21	8
34	-31	30
23	-19	17
23	-19	17
29	-27	28
35	-33	125
26	-17	5
34	-32	33
38	-36	115
38	-36	115
21	-17	12
27	-25	32
21	-21	17
37	-35	-14
16	-14	17
23	-16	24
19	-17	18
24	-14	-4
27	-25	28
16	-18	-115
23	-20	22
17	-15	18
21	-20	-2
23	-16	12
-2	-21	-43
28	-26	-109
14	-14	28
26	-16	-22
33	-26	90
33	-26	90
35	-33	-13
5	-14	15
18	-16	-6
22	-17	15
12	-14	24
26	-24	-18
18	-16	-13
32	-30	31
20	-18	100
9	-14	19
17	-15	16
16	-14	5
33	-31	167
46	-44	45
16	-14	19
20	-18	-110
22	-20	-59
38	-36	37
23	-22	190
15	-15	-7
23	-17	26
17	-14	12
17	-14	12
9	-15	31
17	-15	16
20	-16	22
30	-28	92
105	-17	27
19	-17	55
22	-20	21
15	-16	84
20	-17	15
54	-52	53
17	-15	143
28	-26	27
20	-16	119
20	-16	119
61	-47	80
16	-14	35
17	-15	-24
17	-15	-72
83	-81	85
44	-42	-13
18	-16	17
24	-22	23
19	-17	18
25	-23	24
20	-18	19
23	-15	14
47	-45	46
22	-22	19
13	-14	-123
17	-14	13
17	-14	13
18	-16	96
17	-14	-5
18	-16	17
25	-28	13
17	-15	16
34	-32	33
18	-14	-2
19	-17	29
24	-21	23
34	-32	10
17	-15	12
20	-18	93
115	-16	50
14	-14	88
19	-17	18
53	-51	52
26	-24	25
18	-17	10
100	-53	95
116	-14	29
19	-23	17
17	-15	16
18	-16	-28
22	-20	21
26	-24	25
25	-16	32
117	-17	26
27	-25	26
16	-14	-33
21	-19	20
17	-17	8
90	-88	36
20	-18	31
17	-15	58
2	-21	23
19	-17	18
16	-14	37
16	-14	37
15	-15	-8
60	-58	52
12	-15	16
29	-21	25
27	-25	26
17	-15	38
28	-26	88
71	-69	70
19	-17	18
18	-16	65
20	-18	9
27	-18	-89
17	-15	16
17	-15	16
13	-14	32
26	-24	66
17	-15	15
24	-16	8
14	-14	0
16	-14	18
22	-17	27
16	-14	-18
20	-18	19
20	-18	-76
30	-28	29
22	-23	26
18	-15	24
34	-32	33
16	-14	-4
33	-19	24
73	-71	71
26	-24	25
37	-19	20
18	-16	17
6	-14	4
51	-49	129
31	-29	30
39	-37	38
15	-15	24
35	-33	34
16	-14	16
16	-14	16
17	-15	-20
13	-15	24
18	-15	-5
19	-17	60
27	-14	9
16	-14	16
19	-17	18
16	-14	9
20	-19	2
14	-16	36
27	-25	26
33	-31	32
13	-15	18
21	-18	42
33	-31	32
21	-18	45
19	-17	18
17	-15	16
18	-17	18
28	-26	148
16	-14	48
28	-23	36
17	-15	13
17	-15	-34
51	-39	4
147	-37	31
26	-24	25
30	-28	29
34	-14	-109
16	-14	15
27	-25	26
29	-19	22
27	-25	26
7	-14	-4
15	-14	5
16	-14	-105
126	-19	154
25	-23	24
19	-17	46
22	-20	21
21	-19	17
18	-18	26
26	-17	13
20	-18	-8
17	-15	16
27	-25	26
15	-16	21
16	-14	38
28	-17	25
26	-24	25
21	-15	15
21	-15	15
274	-76	217
19	-17	17
20	-16	17
27	-20	22
39	-23	22
29	-14	15
21	-19	-6
16	-14	17
16	-14	17
12	-16	6
24	-22	23
29	-27	-54
9	-14	11
21	-19	-116
27	-25	75
24	-22	23
28	-20	29
17	-16	-106
11	-14	17
11	-14	17
14	-16	12
37	-22	26
19	-16	-68
17	-15	14
11	-21	9
27	-20	14
25	-23	24
38	-36	37
16	-14	8
16	-14	-6
36	-34	35
112	-14	16
34	-32	39
39	-37	46
16	-14	16
11	-14	-8
30	-28	-12
28	-21	15
28	-26	27
35	-33	-28
40	-38	39
17	-15	16
24	-14	-8
21	-19	22
21	-19	45
68	-66	67
24	-22	-87
24	-22	-87
35	-33	34
19	-17	18
35	-15	24
20	-18	20
16	-15	18
164	-62	86
100	-98	86
24	-22	56
30	-28	29
40	-38	39
25	-23	24
36	-34	35
70	-68	69
10	-15	4
18	-20	29
17	-15	-42
17	-15	-42
35	-33	34
35	-33	28
207	-197	49
22	-20	21
12	-14	6
16	-14	52
22	-14	-121
25	-14	24
25	-28	25
24	-22	23
18	-16	51
14	-20	11
28	-22	13
16	-14	25
21	-16	-41
16	-14	35
18	-16	10
41	-39	37
25	-23	-9
121	-21	144
37	-35	32
17	-15	16
30	-19	24
18	-15	-1
17	-15	144
19	-17	-77
125	-21	22
25	-23	24
30	-28	-18
29	-27	28
30	-28	29
9	-16	-16
0	-15	17
164	-93	89
31	-29	30
38	-36	37
26	-24	25
18	-16	19
18	-16	19
19	-17	18
119	-20	39
17	-15	16
16	-14	34
21	-19	-6
22	-19	35
31	-29	30
28	-26	27
24	-16	-69
31	-29	30
21	-15	15
31	-29	30
23	-21	76
31	-23	25
52	-50	116
22	-15	-80
27	-25	-15
17	-15	11
41	-39	-6
22	-20	21
119	-18	21
19	-17	18
17	-15	17
34	-32	33
31	-17	58
30	-28	26
37	-35	36
142	-40	2
31	-25	21
52	-50	69
66	-64	69
38	-36	37
17	-15	16
21	-19	20
20	-18	19
71	-31	32
29	-27	62
23	-21	22
23	-21	22
23	-21	22
29	-27	-8
27	-25	28
23	-19	19
23	-19	19
22	-14	-6
3	-16	0
19	-14	103
30	-28	29
34	-32	33
15	-15	-39
29	-29	33
124	-16	27
37	-25	33
19	-17	18
16	-14	48
16	-14	32
16	-14	55
27	-25	26
19	-17	18
19	-15	-110
23	-19	-4
17	-15	16
17	-15	39
19	-14	10
19	-17	12
16	-14	35
19	-16	-7
134	-36	40
41	-42	40
14	-14	-11
153	-54	-40
24	-21	23
18	-17	10
17	-15	16
115	-14	19
20	-18	19
21	-18	28
23	-17	-30
31	-28	43
28	-14	19
20	-18	19
17	-15	2
19	-17	10
18	-15	92
18	-15	92
17	-15	16
25	-24	22
139	-40	46
44	-42	46
21	-19	20
17	-15	12
17	-15	18
21	-19	20
32	-30	31
22	-32	24
19	-17	20
25	-22	28
20	-18	44
26	-21	-3
24	-22	23
167	-67	58
16	-14	-60
19	-17	19
19	-17	37
16	-14	13
21	-19	20
130	-45	151
23	-21	-62
116	-14	118
23	-24	88
25	-23	24
18	-16	20
32	-30	31
17	-15	16
24	-22	23
25	-23	24
48	-29	34
27	-25	26
30	-28	29
11	-16	6
16	-14	18
13	-14	-55
21	-19	20
29	-27	28
25	-20	25
41	-35	-19
126	-28	29
30	-28	29
17	-15	28
9	-16	25
20	-16	11
31	-33	32
18	-16	9
18	-16	17
24	-14	13
32	-30	31
16	-14	-12
19	-17	20
21	-19	79
20	-18	22
24	-22	23
20	-16	10
144	-46	79
137	-16	20
20	-18	30
34	-32	139
38	-36	40
26	-24	25
23	-16	15
19	-17	19
16	-14	18
110	-16	196
23	-21	22
16	-14	-50
140	-45	113
16	-14	15
16	-14	15
30	-26	28
16	-14	92
19	-18	22
33	-20	57
81	-79	70
75	-38	117
19	-17	17
20	-15	43
59	-46	36
29	-28	26
16	-16	2
7	-15	17
23	-21	140
16	-14	35
17	-15	-90
29	-27	28
38	-35	36
41	-18	65
17	-15	39
22	-20	152
20	-28	29
19	-24	19
10	-15	9
22	-20	21
22	-17	-60
147	-46	-12
56	-54	55
35	-33	34
16	-17	14
33	-31	32
14	-16	15
17	-15	20
71	-69	72
18	-16	17
23	-21	22
16	-14	15
58	-56	57
20	-14	141
30	-28	29
30	-28	29
28	-26	113
127	-53	98
99	-97	98
21	-19	-54
25	-23	24
22	-20	-22
19	-15	-4
17	-15	15
36	-34	118
27	-20	-42
34	-32	33
34	-32	33
16	-14	92
25	-15	30
28	-16	20
10	-15	-87
17	-14	63
17	-14	63
14	-14	2
67	-28	68
15	-15	26
17	-15	16
17	-15	16
34	-32	33
20	-18	-1
16	-14	-2
11	-14	-8
18	-14	12
121	-22	-71
25	-23	28
51	-49	50
31	-29	69
20	-18	26
20	-18	26
25	-23	26
17	-14	5
21	-19	25
23	-21	22
24	-16	19
18	-17	31
22	-19	-23
119	-17	26
33	-31	96
30	-28	80
20	-18	46
17	-15	51
52	-14	19
46	-21	18
25	-23	24
35	-26	26
16	-14	17
27	-25	26
23	-16	129
19	-16	25
18	-18	-36
12	-14	30
17	-15	16
17	-15	12
19	-15	69
24	-15	109
13	-14	62
16	-14	15
27	-26	-30
23	-21	18
21	-17	37
88	-25	-81
36	-14	27
30	-33	35
22	-20	21
28	-26	26
18	-16	24
17	-15	15
32	-30	31
16	-14	-5
14	-17	20
22	-20	21
18	-15	16
53	-51	53
30	-28	29
1	-14	123
285	-89	192
17	-15	18
23	-15	2
4	-14	16
19	-17	18
116	-26	160
17	-15	-62
46	-46	38
16	-14	0
22	-20	21
16	-14	15
24	-22	-70
33	-31	32
31	-31	28
41	-39	40
19	-17	18
34	-32	33
19	-15	14
35	-28	53
20	-18	8
15	-14	-88
19	-17	18
15	-16	1
28	-16	28
16	-14	-98
18	-27	29
14	-14	-44
17	-24	26
30	-25	32
34	-32	33
214	-104	212
16	-14	60
18	-16	-51
16	-14	8
5	-15	16
32	-30	31
20	-16	13
35	-33	37
17	-15	90
32	-30	31
35	-32	37
23	-21	22
22	-20	21
38	-36	29
16	-14	45
14	-14	124
24	-18	17
18	-16	-21
36	-34	83
23	-21	22
27	-14	26
18	-16	43
16	-14	-19
17	-15	-112
19	-14	0
59	-57	58
145	-39	46
84	-81	82
16	-14	36
7	-15	18
19	-17	28
17	-15	73
18	-16	15
15	-14	-4
15	-14	-4
22	-20	-52
40	-15	33
35	-33	34
20	-18	-12
32	-21	20
31	-29	30
17	-14	21
20	-18	-64
16	-14	2
16	-14	-52
16	-14	-52
15	-15	40
25	-23	24
24	-22	15
116	-15	16
42	-40	30
42	-40	30
33	-31	32
-8	-14	-54
17	-15	16
108	-14	20
16	-21	20
17	-15	16
19	-17	20
22	-18	141
17	-15	16
29	-22	31
42	-40	174
23	-22	24
26	-24	27
16	-18	15
18	-16	14
28	-26	27
23	-21	22
32	-22	42
16	-14	20
22	-20	23
31	-29	30
128	-29	40
41	-39	40
150	-48	70
17	-15	20
16	-14	48
20	-18	46
22	-20	46
32	-30	31
21	-24	3
18	-15	23
19	-17	22
17	-15	18
31	-29	30
27	-25	26
12	-16	-5
17	-15	16
138	-52	61
25	-23	24
19	-17	18
12	-14	22
22	-20	21
43	-41	42
18	-16	-34
39	-27	73
18	-16	19
28	-26	27
19	-21	17
23	-18	18
18	-16	18
24	-22	23
122	-17	25
27	-25	26
31	-29	30
24	-22	56
33	-31	32
16	-15	-65
22	-20	31
17	-15	16
24	-22	23
16	-14	-59
37	-36	53
28	-18	8
41	-26	51
19	-17	42
26	-16	-33
28	-26	127
125	-22	40
33	-31	32
-42	-17	-13
27	-25	26
21	-36	-52
18	-16	6
24	-24	26
43	-41	42
17	-15	16
25	-23	-85
16	-14	15
17	-16	-59
17	-16	-59
16	-14	16
14	-14	-6
15	-14	12
16	-14	48
17	-15	16
29	-27	28
134	-39	-21
28	-26	27
24	-22	23
13	-14	17
17	-15	-5
61	-59	60
18	-15	13
17	-14	42
23	-17	30
17	-15	102
17	-15	144
18	-15	45
54	-52	69
21	-19	39
28	-26	27
22	-22	24
81	-79	86
30	-20	23
19	-14	-125
22	-20	21
26	-16	21
17	-15	16
17	-15	16
28	-26	27
17	-15	16
31	-29	30
16	-14	15
18	-17	18
19	-15	-66
25	-23	24
22	-20	21
24	-20	22
20	-18	90
38	-36	37
16	-14	12
30	-28	29
19	-15	14
16	-14	38
19	-15	42
143	-41	97
23	-16	31
5	-30	-34
42	-40	-37
28	-26	27
33	-24	28
21	-15	12
32	-24	25
20	-18	46
24	-14	13
18	-14	15
26	-24	-90
31	-29	30
33	-31	32
43	-41	42
17	-15	16
16	-14	18
18	-16	59
18	-14	-45
17	-14	37
27	-25	26
42	-40	98
25	-23	24
16	-15	21
20	-15	62
20	-15	62
17	-15	17
16	-14	33
18	-16	17
16	-14	15
36	-34	41
21	-19	56
16	-14	26
19	-17	18
15	-17	33
31	-29	30
74	-72	73
17	-15	-5
16	-14	-70
18	-14	-52
20	-18	97
29	-21	22
34	-32	33
17	-18	16
31	-29	30
25	-23	24
17	-16	-41
17	-16	-41
21	-19	21
20	-18	145
21	-19	-8
19	-17	8
27	-25	25
35	-33	-49
18	-16	58
14	-15	17
-1	-15	-108
26	-18	95
26	-18	95
25	-23	24
22	-18	-66
36	-34	35
37	-35	-23
18	-17	26
17	-24	-9
30	-50	-8
14	-16	20
13	-18	21
4	-15	22
22	-20	70
84	-82	83
-95	-21	-133
21	-16	27
36	-34	35
28	-26	27
-90	-14	-53
-6	-27	-94
34	-32	33
32	-31	34
32	-31	34
21	-19	64
35	-33	34
-34	-18	-104
34	-25	28
20	-16	-50
20	-16	-50
19	-15	5
21	-14	-16
36	-34	35
23	-21	22
130	-47	149
21	-16	16
17	-15	20
21	-19	20
30	-28	29
26	-24	19
125	-25	28
25	-23	24
22	-19	-29
22	-19	-29
31	-23	110
17	-15	-9
18	-16	24
39	-37	38
20	-18	62
43	-42	66
19	-17	18
19	-17	-37
19	-17	18
19	-16	13
38	-36	51
17	-18	-62
48	-46	47
144	-42	62
62	-60	62
26	-24	25
19	-17	10
26	-24	25
17	-15	24
29	-27	28
21	-19	15
21	-19	20
38	-19	31
17	-14	15
179	-77	78
47	-45	42
55	-15	-7
-13	-21	-58
17	-15	-95
18	-16	113
32	-30	31
31	-25	30
21	-19	29
28	-29	-8
25	-23	24
-1	-15	-1
28	-26	27
9	-19	-7
33	-31	103
19	-17	18
18	-15	18
17	-16	39
19	-17	19
19	-17	19
113	-16	-70
38	-36	37
19	-17	18
11	-16	8
44	-42	43
17	-15	16
19	-17	134
23	-15	16
20	-25	28
17	-15	109
17	-15	-35
33	-31	32
27	-25	26
17	-15	49
19	-14	30
31	-29	30
23	-24	24
29	-27	28
16	-16	82
22	-20	29
17	-15	40
54	-28	42
17	-15	33
18	-16	-19
25	-23	24
25	-17	13
29	-25	42
26	-17	25
38	-25	-106
28	-26	-34
20	-18	-12
13	-15	14
24	-22	-16
191	-163	193
16	-15	10
20	-18	-90
16	-14	7
37	-35	36
17	-15	16
16	-14	18
25	-14	20
23	-21	18
27	-25	16
23	-21	21
25	-23	24
18	-16	42
34	-32	33
28	-26	27
21	-19	17
16	-14	35
16	-14	96
11	-27	16
22	-20	-12
37	-35	140
27	-21	22
16	-15	36
19	-17	16
32	-30	31
65	-42	43
128	-21	131
19	-17	18
27	-25	26
20	-18	15
34	-32	33
-31	-25	16
37	-25	16
49	-29	40
16	-14	-108
16	-14	-35
16	-14	112
16	-14	18
21	-19	20
26	-24	25
24	-22	56
22	-20	66
10	-15	21
29	-27	28
25	-23	24
38	-36	-19
21	-19	20
36	-34	35
132	-30	39
18	-16	15
29	-21	4
29	-21	4
188	-77	184
24	-15	15
23	-21	22
15	-14	98
9	-14	26
17	-14	28
25	-23	24
11	-14	14
15	-16	39
1	-36	-31
41	-39	40
-60	-21	-110
17	-15	99
-27	-14	-11
16	-18	-22
21	-19	20
40	-38	39
24	-15	-3
32	-30	31
18	-18	26
25	-19	21
92	-15	22
16	-14	16
111	-109	9
26	-24	25
19	-17	18
26	-23	30
28	-15	11
17	-14	-110
21	-19	37
24	-22	-109
23	-21	22
58	-56	69
24	-22	23
13	-15	20
48	-46	148
27	-14	15
13	-14	5
21	-19	20
15	-14	-12
26	-14	90
25	-16	15
13	-14	39
33	-31	32
30	-28	29
46	-44	45
21	-19	20
16	-14	61
16	-14	-35
20	-18	-28
28	-26	16
38	-36	37
26	-17	29
17	-15	38
17	-15	16
18	-16	16
51	-31	39
29	-27	28
22	-21	11
35	-33	31
24	-22	23
19	-14	-53
37	-35	36
21	-19	20
17	-16	61
23	-20	-56
23	-21	22
14	-14	-98
14	-14	-98
186	-84	85
17	-15	-1
16	-14	45
18	-16	17
15	-16	110
15	-15	12
25	-23	24
10	-15	29
38	-25	115
95	-14	-7
36	-34	32
16	-14	67
47	-45	46
17	-15	16
17	-15	16
116	-15	16
27	-22	8
16	-14	14
17	-15	18
23	-21	91
18	-16	17
27	-23	26
25	-23	-10
41	-39	40
16	-15	31
17	-15	16
25	-23	-31
20	-19	43
34	-32	33
57	-55	56
25	-23	24
32	-30	35
31	-28	6
17	-15	16
53	-51	52
26	-24	25
28	-14	26
18	-14	36
16	-14	36
21	-15	24
16	-14	23
20	-15	-101
20	-15	-101
19	-17	19
19	-16	49
19	-16	49
20	-16	93
20	-16	93
-26	-26	-78
18	-16	-84
14	-14	25
23	-21	21
43	-42	98
19	-17	18
17	-14	8
18	-16	26
22	-18	29
17	-15	106
22	-15	16
41	-39	-73
27	-25	26
20	-18	64
17	-15	16
17	-15	18
27	-25	26
23	-21	-35
17	-15	16
16	-14	-26
25	-20	29
20	-17	-40
16	-14	6
14	-18	-8
36	-28	29
33	-34	35
20	-21	17
32	-30	31
16	-14	58
16	-14	58
44	-42	43
30	-28	29
29	-24	24
21	-15	4
26	-24	35
27	-25	26
16	-15	8
156	-57	35
21	-15	6
46	-44	73
17	-15	16
31	-16	35
21	-19	20
31	-29	30
44	-33	32
27	-25	26
12	-14	6
23	-14	4
20	-19	29
16	-14	20
17	-15	16
18	-16	22
20	-18	-10
27	-16	19
19	-19	18
19	-19	18
34	-32	33
21	-16	82
20	-16	107
11	-14	34
19	-17	18
19	-17	64
18	-19	27
27	-25	26
33	-31	32
16	-14	37
20	-14	-71
-92	-16	-22
33	-31	32
17	-15	144
39	-37	-42
17	-15	-15
26	-24	70
30	-18	-96
11	-14	31
18	-16	-42
177	-76	112
19	-17	-7
18	-16	39
25	-23	24
17	-15	-85
51	-77	55
22	-14	10
33	-32	39
36	-34	35
16	-14	16
34	-32	39
22	-15	15
35	-33	-28
94	-134	32
40	-38	39
41	-39	40
22	-37	41
19	-14	76
20	-16	16
21	-17	22
21	-19	0
21	-19	20
16	-14	-35
19	-17	18
25	-23	31
25	-23	31
31	-29	29
31	-29	29
40	-38	39
25	-23	24
36	-34	35
35	-33	34
15	-14	23
70	-68	69
-1	-16	48
19	-16	20
20	-20	23
35	-33	34
41	-39	40
32	-30	31
18	-18	20
43	-15	-13
25	-23	33
17	-15	17
28	-26	27
22	-14	158
17	-20	20
18	-16	-59
34	-32	33
26	-24	25
17	-15	29
19	-17	-63
16	-17	-96
16	-17	-96
16	-20	13
21	-14	13
23	-14	55
17	-15	16
11	-16	23
21	-14	11
34	-32	31
16	-14	119
25	-23	24
8	-21	26
17	-15	16
30	-28	29
28	-26	27
16	-14	15
21	-15	20
33	-40	51
33	-40	51
17	-15	11
17	-15	18
26	-24	25
12	-14	-75
20	-14	18
20	-16	93
20	-16	93
146	-49	50
51	-49	50
136	-31	55
48	-38	55
32	-25	27
24	-22	23
32	-22	31
116	-14	112
21	-22	50
24	-19	15
17	-15	16
29	-20	27
17	-15	46
18	-15	42
12	-24	24
19	-18	127
10	-15	17
29	-27	28
19	-17	41
30	-28	29
20	-24	-58
17	-15	16
16	-14	18
20	-19	-79
20	-19	-79
17	-15	-8
26	-24	25
28	-26	27
17	-15	13
24	-22	23
33	-31	32
10	-14	4
118	-22	43
25	-16	19
16	-14	9
31	-29	30
28	-26	27
16	-14	35
25	-14	8
18	-16	21
13	-15	17
31	-29	30
16	-20	27
23	-15	-44
16	-14	24
40	-38	39
16	-14	15
30	-28	29
21	-23	23
34	-36	38
19	-17	18
36	-34	35
34	-32	33
21	-16	119
20	-18	101
33	-31	32
18	-16	22
33	-31	32
17	-15	16
17	-14	14
16	-15	27
16	-15	8
37	-35	36
181	-79	80
24	-25	32
24	-22	23
146	-51	69
53	-51	69
17	-15	16
19	-17	-10
21	-19	20
33	-31	32
273	-47	188
20	-18	18
121	-19	27
38	-25	35
-79	-19	28
29	-18	22
17	-15	10
26	-15	48
14	-14	35
115	-71	68
36	-42	39
16	-14	-30
17	-15	16
30	-28	29
19	-17	28
37	-35	-11
16	-14	-2
17	-15	8
84	-82	83
30	-28	29
18	-15	23
142	-40	121
43	-41	121
27	-25	26
25	-24	153
16	-14	19
17	-18	25
19	-14	8
30	-17	28
34	-32	33
24	-14	-2
36	-34	175
0	-16	33
22	-23	23
30	-26	24
22	-21	21
29	-27	-10
15	-14	18
43	-41	-7
24	-22	6
29	-27	88
18	-16	99
45	-43	-43
26	-14	18
15	-14	4
27	-25	26
16	-15	89
16	-15	89
16	-15	147
18	-16	24
27	-24	28
28	-26	27
116	-14	191
18	-14	98
21	-19	20
32	-30	31
24	-23	125
35	-33	34
16	-14	12
17	-15	95
22	-20	21
16	-16	7
25	-23	23
24	-22	23
17	-15	38
11	-14	5
20	-17	25
21	-19	20
15	-15	24
19	-17	18
32	-30	-77
17	-15	20
35	-33	-58
14	-15	24
36	-34	31
15	-17	-54
18	-16	4
16	-17	-4
29	-22	19
11	-19	5
25	-20	-28
25	-20	-28
24	-22	23
123	-24	31
25	-23	24
17	-15	-6
15	-17	23
32	-29	30
24	-17	35
30	-27	28
9	-16	14
19	-20	19
19	-15	91
19	-15	91
33	-31	32
16	-16	23
29	-25	46
17	-15	-4
11	-14	-4
22	-14	-54
17	-15	12
21	-19	-10
23	-21	19
18	-16	-14
18	-16	17
24	-22	23
24	-22	23
17	-15	46
15	-15	21
15	-14	31
26	-24	25
24	-22	23
18	-16	-4
39	-31	29
33	-31	32
29	-27	28
18	-16	12
34	-32	33
17	-15	146
17	-15	24
19	-17	65
17	-15	16
23	-21	-8
17	-15	17
29	-27	28
30	-28	29
33	-30	34
42	-40	41
-8	-15	-106
20	-19	-18
14	-14	-9
19	-29	28
15	-22	23
21	-19	24
23	-16	27
47	-30	31
32	-30	31
29	-27	28
16	-14	106
102	-14	29
49	-20	36
34	-32	33
17	-15	10
25	-23	24
30	-21	33
19	-17	-111
18	-16	15
22	-21	33
26	-24	25
19	-16	12
20	-18	19
18	-16	-8
64	-51	58
17	-15	16
20	-18	24
24	-16	23
27	-25	28
22	-20	21
36	-35	36
21	-15	-69
19	-15	142
14	-14	-125
18	-16	-116
16	-14	35
23	-20	54
14	-14	84
33	-24	31
16	-14	20
28	-26	63
27	-25	26
22	-20	21
21	-19	22
17	-15	17
31	-21	26
17	-14	12
14	-15	-111
36	-24	22
31	-29	30
16	-14	20
16	-14	20
71	-14	-21
21	-16	10
22	-16	19
19	-21	6
12	-14	12
106	-22	-105
28	-26	27
27	-25	26
18	-16	17
16	-14	15
52	-49	72
31	-29	30
16	-14	15
21	-19	20
17	-15	16
58	-56	57
30	-28	29
25	-23	23
31	-34	27
25	-23	24
19	-17	18
17	-15	16
17	-15	15
37	-33	98
20	-18	-26
51	-49	50
8	-16	14
27	-25	26
19	-17	-5
39	-37	-16
18	-16	14
16	-14	21
13	-14	19
16	-14	131
20	-17	-12
20	-17	-12
42	-40	32
19	-17	18
22	-20	44
11	-14	4
34	-32	33
26	-24	25
23	-21	22
12	-16	15
186	-84	73
19	-16	65
20	-17	-29
17	-14	-6
17	-14	-6
17	-15	16
16	-14	-54
45	-43	105
68	-14	88
14	-15	107
20	-18	69
28	-17	41
26	-24	30
21	-26	28
16	-14	54
27	-25	26
17	-16	9
9	-14	4
9	-14	4
19	-17	18
109	-15	16
17	-17	109
16	-21	7
16	-14	23
18	-16	16
25	-22	30
31	-29	30
18	-16	74
16	-14	66
16	-14	66
34	-32	33
24	-22	23
2	-19	-60
16	-14	-15
29	-27	28
32	-30	31
30	-28	29
110	-91	-8
35	-23	28
16	-14	53
54	-52	53
14	-15	-13
16	-14	14
21	-19	15
18	-16	-50
17	-15	16
18	-16	13
17	-14	49
17	-15	16
31	-29	30
27	-22	100
18	-14	24
29	-27	28
34	-30	36
33	-31	32
19	-17	18
1	-23	133
24	-22	-7
20	-18	-13
33	-31	32
21	-19	20
18	-16	-4
16	-17	-11
24	-25	20
19	-17	24
16	-14	-1
16	-14	12
21	-19	17
12	-14	6
12	-14	6
37	-35	36
24	-22	120
20	-18	19
29	-22	29
29	-22	29
17	-15	16
26	-19	18
26	-19	18
23	-16	21
20	-20	21
37	-35	35
10	-14	-1
35	-33	37
13	-21	24
39	-37	38
32	-30	31
37	-35	36
22	-20	21
37	-35	36
17	-15	18
46	-44	45
-2	-18	-56
17	-15	-31
23	-21	27
10	-14	4
17	-15	16
17	-14	5
23	-21	22
14	-16	74
32	-30	31
17	-15	16
37	-35	36
14	-21	24
28	-26	27
35	-33	34
17	-15	16
22	-20	12
19	-17	-36
22	-20	21
15	-14	-115
22	-20	-10
17	-15	16
24	-22	-15
16	-14	16
24	-22	74
12	-16	11
25	-23	103
82	-80	82
24	-21	4
17	-15	16
17	-15	-3
10	-24	32
25	-23	-34
19	-17	18
20	-19	28
31	-29	30
19	-21	14
26	-24	19
17	-15	57
29	-27	28
29	-27	28
20	-14	4
16	-15	21
29	-27	28
26	-24	25
33	-31	32
30	-30	29
30	-30	29
16	-14	18
17	-14	-7
34	-26	32
35	-33	34
17	-15	22
21	-19	-11
31	-22	24
19	-16	-103
21	-19	20
32	-17	23
20	-23	15
10	-14	4
32	-30	31
43	-34	34
121	-19	27
16	-15	26
21	-15	-119
19	-17	-8
20	-18	46
53	-52	-61
123	-29	40
33	-31	40
34	-32	36
24	-22	23
34	-36	43
31	-29	30
33	-31	32
16	-14	24
17	-15	114
28	-23	33
25	-23	24
20	-18	20
29	-27	25
28	-26	27
16	-14	13
13	-17	42
20	-18	30
-8	-16	-35
21	-19	20
23	-18	29
26	-17	142
17	-21	-17
43	-41	137
19	-17	-23
20	-14	8
43	-41	42
16	-18	83
17	-15	13
28	-26	27
25	-19	23
18	-16	94
12	-18	-6
13	-14	81
15	-16	6
24	-22	23
17	-15	16
24	-22	23
153	-58	61
17	-20	87
21	-14	-4
32	-22	30
35	-33	34
33	-31	32
27	-25	26
24	-23	20
19	-17	51
28	-24	2
30	-28	28
14	-16	123
35	-17	28
0	-17	6
38	-34	30
17	-15	16
-4	-24	53
25	-23	-42
18	-15	21
16	-14	15
18	-15	25
18	-15	25
17	-15	16
17	-15	16
17	-14	18
17	-15	16
26	-28	31
41	-39	40
16	-14	34
-56	-18	72
22	-20	20
18	-32	4
46	-34	17
17	-15	-5
20	-18	-53
9	-15	-136
18	-32	4
21	-19	20
16	-14	39
30	-28	29
17	-14	42
26	-14	25
23	-17	30
17	-15	144
26	-24	25
18	-15	45
54	-52	69
21	-19	39
19	-14	-125
18	-16	17
17	-15	15
20	-18	109
17	-15	105
20	-15	-18
47	-45	52
28	-26	27
24	-22	23
31	-29	30
41	-39	40
18	-16	17
16	-14	-100
27	-25	26
46	-47	50
19	-15	14
19	-15	42
29	-27	28
25	-14	26
20	-16	-67
16	-14	69
18	-14	68
23	-17	-6
37	-35	36
33	-24	28
27	-25	26
18	-16	24
19	-17	20
21	-19	20
24	-14	13
18	-14	15
31	-29	30
33	-31	32
19	-14	18
17	-14	37
27	-25	26
31	-29	26
18	-14	12
25	-23	24
119	-24	47
19	-17	28
25	-16	20
40	-38	-25
20	-16	18
27	-25	-27
26	-24	25
17	-19	37
16	-14	15
20	-18	-43
42	-40	41
25	-15	128
29	-36	33
27	-25	26
17	-15	6
15	-17	33
31	-29	30
23	-21	148
26	-24	25
17	-15	18
44	-42	-25
31	-29	30
17	-15	10
21	-19	-8
16	-14	-46
27	-25	25
25	-23	24
18	-16	23
18	-17	26
16	-14	16
17	-24	-9
29	-50	-6
17	-15	-11
24	-22	-86
21	-16	27
28	-26	27
17	-15	12
19	-17	18
17	-15	16
37	-29	30
34	-25	28
26	-24	74
23	-21	22
16	-14	8
28	-26	27
18	-14	81
23	-17	161
17	-15	26
6	-14	4
-7	-24	-31
56	-54	55
21	-19	20
13	-15	-1
21	-18	65
17	-15	-34
27	-14	-83
25	-16	29
45	-26	11
19	-17	81
20	-17	33
20	-17	33
18	-16	24
39	-37	38
15	-14	-10
19	-17	-36
20	-16	20
22	-20	-9
49	-35	34
28	-26	27
20	-14	12
29	-27	28
26	-24	25
21	-19	20
404	-384	382
55	-15	-7
17	-15	36
20	-17	-16
24	-22	54
28	-29	-8
34	-20	29
21	-18	20
41	-39	40
33	-31	103
20	-15	8
23	-21	22
16	-16	-35
38	-36	37
19	-15	31
16	-14	15
16	-14	110
111	-20	-60
19	-17	18
17	-15	16
23	-21	-14
12	-14	6
44	-27	19
17	-15	19
18	-16	41
29	-27	28
29	-20	-52
34	-32	33
23	-24	24
160	-59	90
169	-67	190
26	-24	25
35	-33	-42
17	-15	40
54	-28	42
17	-15	33
25	-23	24
31	-29	30
10	-14	12
26	-24	25
17	-16	-2
18	-16	16
17	-15	24
114	-17	31
16	-14	147
13	-21	6
16	-14	-37
21	-24	20
19	-15	10
21	-19	20
9	-14	-115
33	-31	-25
-1	-16	-88
8	-15	24
25	-23	24
16	-14	18
17	-14	13
133	-42	145
27	-25	16
32	-30	31
34	-32	33
19	-17	18
16	-14	6
22	-20	-12
23	-21	9
17	-15	20
19	-17	20
23	-17	-34
23	-17	-34
-37	-40	-90
18	-16	17
15	-15	10
26	-18	28
13	-14	-101
17	-15	16
6	-14	-78
115	-21	-136
19	-17	134
18	-16	53
16	-14	20
21	-19	20
17	-15	34
25	-23	24
14	-16	2
41	-27	24
10	-15	21
20	-16	20
29	-27	28
24	-22	23
17	-15	14
12	-14	19
36	-34	35
29	-27	28
19	-17	20
26	-24	144
16	-14	-60
21	-19	20
110	-16	196
16	-14	36
46	-37	45
25	-23	24
11	-14	14
15	-16	39
13	-14	35
21	-19	20
110	-19	64
111	-21	132
39	-37	37
23	-20	47
16	-14	20
32	-30	31
16	-14	-76
25	-19	21
22	-16	-13
18	-16	18
16	-14	18
4	-16	75
10	-16	-7
23	-16	15
112	-18	38
12	-20	13
22	-17	96
21	-27	28
17	-15	25
19	-17	18
70	-68	69
24	-22	23
13	-15	20
19	-17	18
25	-14	-98
21	-19	20
24	-24	-1
30	-28	29
22	-17	26
25	-23	10
23	-22	190
17	-15	16
12	-15	8
20	-16	22
34	-32	33
38	-36	37
18	-15	10
19	-17	18
22	-20	21
23	-21	22
54	-52	53
2	-14	-54
17	-15	-122
28	-26	27
24	-22	23
21	-14	-5
18	-16	17
44	-42	-13
24	-22	23
60	-58	59
18	-16	-54
28	-26	27
15	-15	12
20	-18	19
15	-15	34
27	-25	26
23	-15	14
22	-22	19
18	-16	47
27	-22	8
18	-16	-13
16	-14	14
17	-15	18
18	-16	96
23	-14	23
41	-39	47
41	-39	40
17	-16	11
17	-16	11
21	-27	23
18	-14	-2
17	-39	-1
20	-18	93
36	-34	35
21	-19	50
14	-14	88
16	-14	-16
17	-15	16
26	-24	25
22	-14	125
19	-23	17
28	-14	26
18	-14	36
16	-14	36
22	-20	21
14	-19	17
14	-14	25
21	-19	20
17	-14	8
19	-17	18
17	-15	38
29	-27	28
71	-69	70
25	-24	26
20	-18	9
20	-18	19
17	-15	16
11	-16	21
26	-24	66
9	-14	31
24	-19	29
18	-15	49
28	-16	22
18	-14	14
18	-14	14
16	-14	6
14	-18	-8
33	-34	35
32	-30	31
20	-18	19
20	-18	-76
16	-14	58
16	-14	58
44	-42	43
27	-25	26
34	-32	33
158	-59	39
21	-15	6
20	-18	17
37	-19	20
26	-24	25
17	-15	16
18	-16	17
44	-33	32
39	-37	38
17	-15	-20
19	-17	21
20	-19	2
19	-19	28
18	-16	22
23	-18	-5
23	-18	-5
23	-21	107
548	-547	541
16	-15	34
18	-16	16
30	-28	29
16	-14	37
19	-17	18
17	-15	16
22	-20	21
28	-23	36
38	-20	-18
24	-22	-87
19	-17	18
26	-24	25
19	-17	21
27	-25	75
27	-20	14
38	-34	33
23	-21	22
36	-34	-31
47	-73	55
38	-36	37
22	-14	10
16	-14	8
16	-14	16
30	-28	-12
28	-26	27
27	-25	26
35	-33	-28
94	-134	32
29	-21	16
10	-16	28
21	-19	45
68	-66	67
41	-39	40
23	-15	20
35	-15	24
21	-19	0
21	-19	20
12	-14	6
19	-17	18
131	-30	31
32	-30	31
25	-32	29
36	-34	35
15	-14	23
20	-20	23
32	-30	31
17	-15	13
43	-15	-13
34	-32	33
28	-26	27
217	-80	94
19	-17	147
34	-32	33
13	-14	-123
22	-20	17
24	-22	23
21	-19	-116
19	-17	12
30	-28	29
16	-14	36
17	-15	16
24	-22	23
17	-15	16
23	-17	-92
27	-25	26
31	-33	29
24	-19	4
17	-15	16
16	-14	48
34	-32	31
19	-17	18
13	-21	17
19	-17	46
14	-15	147
19	-17	12
42	-40	41
18	-17	17
17	-15	16
27	-25	26
21	-20	60
30	-28	29
16	-14	45
27	-25	26
22	-16	-69
39	-37	38
28	-26	27
34	-14	-109
30	-28	29
-1	-16	-24
38	-35	95
47	-45	46
115	-15	17
21	-15	15
29	-19	22
110	-15	86
16	-14	-41
147	-49	50
32	-26	37
21	-22	50
23	-19	19
33	-31	71
17	-15	17
16	-14	-112
17	-15	16
-4	-23	-10
21	-19	20
20	-18	19
25	-23	24
30	-28	-18
19	-17	41
9	-16	-16
18	-16	13
17	-15	16
21	-19	13
21	-19	13
31	-29	30
38	-36	37
28	-26	27
24	-22	23
24	-33	24
33	-31	32
19	-17	18
16	-14	9
16	-14	34
14	-15	87
13	-14	15
32	-30	76
16	-14	-70
21	-16	27
23	-21	22
22	-18	39
22	-15	148
41	-39	-6
40	-38	39
16	-14	11
22	-20	21
46	-37	36
36	-34	35
54	-52	55
38	-36	37
33	-31	32
17	-15	16
35	-33	35
33	-31	32
17	-15	16
34	-32	118
16	-15	27
17	-15	38
13	-14	9
13	-14	9
38	-36	37
16	-14	8
21	-19	20
21	-19	20
23	-21	22
31	-29	30
26	-15	48
23	-21	22
15	-17	-7
16	-15	-20
69	-67	68
25	-23	24
13	-14	44
17	-15	16
3	-16	0
37	-35	-11
18	-15	9
27	-25	26
33	-31	32
-20	-16	-3
18	-15	23
17	-15	60
23	-19	49
17	-15	39
122	-21	29
18	-16	17
16	-14	35
31	-29	27
22	-23	23
20	-18	-61
14	-14	17
14	-14	-69
18	-16	87
21	-19	-102
134	-36	40
18	-16	-23
21	-19	67
19	-17	24
19	-17	24
28	-26	27
41	-39	40
13	-17	8
22	-32	24
25	-22	28
22	-20	21
16	-16	7
20	-18	55
25	-23	23
11	-14	5
25	-23	24
23	-24	88
23	-21	-62
19	-17	18
15	-15	24
17	-15	16
29	-18	29
19	-17	18
16	-14	32
15	-17	23
22	-15	130
23	-16	24
23	-21	140
27	-25	75
30	-15	-35
13	-14	-55
30	-27	28
21	-19	20
29	-27	28
9	-16	14
24	-22	23
39	-37	38
33	-44	8
15	-16	17
33	-31	32
29	-24	7
11	-14	-4
10	-14	-7
32	-20	24
24	-14	13
24	-22	23
16	-14	-12
15	-14	31
43	-41	42
17	-15	16
42	-40	41
21	-21	8
21	-22	-6
25	-23	24
17	-15	109
39	-37	38
49	-20	36
17	-15	28
23	-21	22
25	-23	24
22	-20	136
16	-14	82
19	-17	50
30	-26	28
33	-31	25
17	-15	-90
17	-15	16
20	-18	24
22	-20	21
16	-14	12
21	-19	20
17	-15	39
58	-14	11
16	-14	11
20	-28	29
28	-26	63
27	-25	26
22	-17	-60
31	-21	26
17	-14	12
35	-33	34
16	-17	14
33	-31	32
27	-18	31
31	-29	30
19	-17	18
65	-14	-82
26	-24	25
12	-14	12
37	-23	41
19	-17	18
16	-14	10
19	-16	-116
28	-26	27
17	-15	-76
27	-25	26
31	-29	30
21	-19	20
21	-19	-39
24	-22	23
31	-29	30
99	-97	98
22	-20	-22
49	-25	70
19	-17	-5
36	-34	118
151	-127	124
17	-14	8
27	-25	26
47	-45	42
29	-27	26
39	-37	-16
34	-32	33
20	-18	-1
18	-14	12
34	-32	33
26	-24	25
36	-34	35
17	-15	80
30	-29	-47
23	-18	-102
17	-15	16
29	-32	-6
-3	-17	-112
25	-23	24
14	-20	2
21	-18	16
27	-25	22
17	-15	13
17	-15	16
127	-23	6
31	-29	30
20	-16	45
24	-22	23
22	-20	21
18	-16	24
24	-16	12
30	-28	29
26	-22	23
22	-20	21
35	-23	28
34	-20	-99
17	-15	16
9	-14	19
37	-35	30
14	-15	-13
-162	-14	1
20	-15	21
20	-15	21
32	-30	31
16	-18	17
20	-18	22
16	-18	17
46	-46	38
17	-15	16
22	-20	21
18	-14	24
29	-27	28
19	-15	14
16	-14	15
22	-20	21
16	-14	0
21	-19	20
19	-20	-5
34	-32	33
16	-14	60
16	-14	12
12	-14	6
18	-16	-51
25	-20	48
29	-22	29
29	-22	29
10	-14	-1
27	-25	26
37	-35	36
16	-14	-27
16	-14	84
16	-14	-71
24	-18	17
10	-14	4
10	-14	4
68	-50	-4
27	-14	26
32	-30	31
31	-29	30
37	-35	36
28	-26	27
17	-15	17
29	-27	-38
117	-16	19
6	-20	37
22	-20	21
16	-14	36
19	-17	20
19	-17	-93
12	-16	11
59	-57	58
33	-31	32
16	-14	86
22	-21	-88
22	-21	-88
43	-41	93
17	-15	16
51	-49	50
31	-29	30
29	-27	28
16	-15	-60
26	-24	25
17	-14	-7
17	-15	-42
34	-26	32
17	-15	22
13	-14	149
16	-14	-52
10	-14	4
42	-40	174
16	-15	26
106	-19	67
31	-25	26
25	-23	24
16	-18	15
16	-14	75
71	-38	129
24	-22	23
23	-22	24
13	-17	42
17	-15	16
17	-15	16
19	-17	21
17	-15	16
27	-25	26
138	-52	61
25	-23	24
29	-27	28
22	-20	21
12	-18	-6
19	-16	21
18	-16	12
16	-14	-22
17	-20	87
17	-15	35
21	-19	7
34	-32	33
32	-22	30
35	-33	34
17	-15	16
145	-86	87
18	-16	65
16	-15	104
24	-23	20
28	-24	2
24	-22	23
14	-16	123
24	-24	26
35	-17	28
37	-35	36
16	-14	34
16	-14	48
24	-22	23
61	-59	60
40	-20	28
18	-32	4
46	-34	17
23	-27	27
105	-16	28
17	-14	33
24	-14	-9
18	-32	4
26	-24	75
26	-24	25
18	-14	23
28	-26	27
20	-18	18
30	-16	34
81	-79	86
36	-26	33
36	-26	33
29	-14	-2
18	-16	17
42	-40	41
22	-20	21
16	-14	15
26	-16	21
15	-14	25
27	-16	27
21	-21	61
17	-15	16
16	-14	15
18	-17	18
18	-17	-6
25	-23	24
21	-14	44
27	-25	30
36	-34	35
24	-20	22
41	-39	40
31	-29	30
31	-29	30
20	-18	90
18	-16	17
72	-70	71
16	-14	16
38	-36	37
16	-14	12
21	-19	20
30	-28	29
143	-41	97
23	-16	31
29	-27	28
33	-31	32
35	-33	34
-20	-14	46
21	-14	28
18	-15	129
17	-15	16
42	-40	-37
42	-40	-37
37	-35	36
14	-15	100
27	-25	26
21	-15	12
32	-24	25
20	-18	46
16	-14	-21
16	-14	-21
26	-24	-90
43	-41	42
14	-16	-8
19	-17	14
22	-20	21
18	-16	59
20	-18	19
28	-17	25
18	-15	-7
57	-38	59
35	-33	34
11	-15	18
14	-14	18
16	-15	21
17	-15	18
6	-15	-4
20	-14	26
19	-17	16
11	-17	15
30	-21	55
21	-14	22
18	-16	19
27	-25	26
21	-19	56
16	-14	26
19	-17	18
22	-17	15
26	-24	25
16	-14	-70
18	-14	-52
20	-18	97
29	-21	22
25	-23	24
16	-14	-107
20	-18	47
111	-14	-115
35	-33	-49
19	-16	21
17	-15	16
19	-18	24
14	-15	17
37	-35	-23
23	-18	15
35	-21	22
14	-16	20
13	-18	21
16	-14	36
22	-20	70
84	-82	83
21	-19	20
20	-18	145
27	-25	39
-95	-21	-133
36	-34	35
34	-32	33
30	-28	26
21	-19	64
18	-24	21
16	-14	10
25	-29	30
17	-15	-3
19	-15	5
19	-15	5
27	-25	25
144	-51	55
56	-54	55
36	-34	35
37	-35	149
23	-21	22
21	-16	16
16	-14	10
20	-18	62
13	-14	-22
16	-14	17
25	-23	24
46	-36	1
24	-27	28
24	-27	28
15	-20	18
26	-24	19
20	-15	38
17	-17	-67
16	-14	48
30	-28	29
17	-15	20
48	-46	39
19	-17	18
19	-16	13
19	-16	13
38	-36	51
16	-14	11
15	-18	108
36	-29	32
36	-29	32
6	-15	17
16	-14	-12
32	-17	-18
17	-14	25
29	-24	39
26	-24	25
19	-14	10
12	-14	18
26	-24	25
17	-15	24
15	-15	5
15	-15	5
24	-22	55
179	-77	78
27	-23	141
20	-20	-18
21	-19	-5
17	-14	4
28	-26	85
18	-16	113
153	-50	105
28	-26	27
19	-16	57
27	-25	26
9	-19	-7
-53	-17	-99
23	-21	22
27	-29	26
17	-16	39
19	-15	68
19	-17	18
20	-18	-70
16	-16	32
19	-17	18
36	-25	13
11	-16	8
23	-14	26
17	-15	18
17	-15	-8
44	-42	43
20	-25	28
19	-17	-6
21	-19	20
17	-15	49
29	-27	28
19	-14	30
34	-32	33
12	-19	21
31	-29	30
1	-16	24
29	-27	28
22	-20	29
39	-37	-14
37	-35	97
25	-17	13
27	-17	26
26	-24	25
28	-26	-34
13	-15	14
24	-22	-16
34	-27	34
20	-18	-90
24	-16	10
37	-35	36
28	-26	27
17	-15	16
25	-23	24
25	-23	24
32	-30	31
19	-17	18
18	-16	42
36	-34	33
19	-17	18
37	-35	37
34	-32	33
16	-14	37
16	-14	96
32	-30	31
32	-30	31
18	-16	17
65	-42	43
27	-25	26
16	-14	16
19	-17	18
24	-22	-21
27	-25	26
101	-16	21
20	-18	15
14	-18	10
34	-32	33
-31	-25	16
37	-25	16
19	-16	23
17	-15	16
17	-15	16
17	-15	69
8	-16	25
18	-16	12
24	-22	56
17	-15	5
24	-22	141
25	-23	24
21	-19	20
18	-15	7
40	-38	39
41	-39	114
17	-15	16
29	-27	28
18	-16	15
19	-17	75
17	-15	-54
114	-14	26
27	-25	26
21	-19	20
41	-39	40
1	-36	-31
0	-14	-64
15	-14	98
40	-22	27
19	-17	18
147	-46	79
24	-15	-3
19	-14	46
145	-35	208
25	-29	39
17	-15	22
16	-14	24
16	-14	55
13	-16	19
26	-24	25
25	-14	38
21	-15	-111
28	-15	11
23	-22	5
17	-15	70
17	-14	-110
17	-15	-56
29	-20	14
27	-14	15
13	-14	5
32	-30	31
24	-15	13
17	-15	16
13	-14	39
46	-44	45
21	-19	20
16	-14	61
16	-14	-35
15	-14	-7
20	-18	-28
39	-37	86
38	-36	37
8	-16	38
23	-20	0
18	-15	-12
51	-31	39
17	-15	16
-13	-17	-1
17	-15	136
22	-20	21
19	-17	22
14	-14	-12
28	-26	27
19	-14	-53
54	-52	53
77	-77	87
18	-17	104
17	-16	61
18	-16	18
23	-20	-56
16	-14	-2
186	-84	85
-142	-14	-15
34	-15	-1
17	-15	-1
18	-16	17
23	-17	7
19	-17	18
15	-16	110
25	-23	24
20	-18	19
16	-16	-5
16	-14	-99
95	-14	-7
16	-14	67
11	-15	18
47	-45	46
25	-21	21
38	-25	115
18	-17	11
18	-17	11
19	-17	43
23	-21	91
18	-16	17
28	-24	29
17	-15	16
34	-32	33
20	-18	9
57	-55	56
117	-27	-10
19	-17	18
53	-51	52
25	-23	25
35	-25	29
23	-15	31
20	-18	-11
17	-15	16
18	-15	27
21	-15	24
22	-20	21
11	-14	0
26	-24	25
117	-16	26
27	-25	26
41	-39	88
20	-16	93
20	-16	93
18	-16	-84
127	-125	142
21	-19	20
23	-21	21
43	-42	98
19	-17	18
18	-16	26
18	-16	23
67	-65	66
22	-15	16
41	-39	-73
27	-25	26
16	-14	2
20	-18	64
45	-43	70
17	-15	18
21	-19	11
16	-14	103
16	-14	35
17	-15	16
17	-15	16
16	-14	-26
36	-28	29
20	-18	17
117	-18	17
20	-21	17
19	-17	17
19	-17	17
20	-18	19
24	-22	23
16	-14	21
20	-18	-36
30	-28	29
18	-16	59
19	-17	19
29	-24	24
16	-14	-1
21	-15	4
21	-15	4
25	-23	33
16	-15	8
38	-15	20
34	-32	33
18	-19	7
46	-44	73
26	-24	25
31	-16	35
18	-16	17
30	-18	26
31	-29	30
39	-37	38
15	-14	-2
12	-14	6
17	-15	8
25	-15	121
16	-14	-14
35	-33	34
19	-17	16
19	-17	16
23	-14	4
22	-19	-74
35	-44	89
20	-18	-10
22	-17	-7
19	-14	-67
19	-17	18
19	-17	64
18	-19	-13
18	-16	15
20	-17	18
27	-25	26
33	-31	32
23	-17	18
16	-14	113
20	-14	-71
33	-31	32
16	-14	9
19	-17	18
17	-15	16
17	-15	-15
26	-24	70
42	-18	-84
22	-20	21
23	-21	-102
23	-21	22
18	-16	-42
24	-22	17
22	-16	12
22	-37	41
13	-14	-5
18	-18	20
14	-15	24
127	-38	128
23	-14	55
27	-25	26
23	-21	54
17	-15	16
19	-17	51
11	-16	23
21	-14	11
13	-15	32
25	-23	24
17	-18	12
19	-14	20
19	-14	20
32	-18	38
27	-25	26
27	-25	26
16	-14	15
19	-17	20
30	-28	29
26	-24	25
124	-18	111
28	-14	-7
17	-16	93
177	-75	112
55	-53	-4
2	-17	140
18	-16	39
23	-14	19
17	-15	14
16	-20	27
25	-23	24
38	-36	37
11	-16	-100
33	-32	39
36	-34	35
115	-14	16
34	-32	39
16	-14	10
19	-14	13
16	-14	16
28	-26	27
35	-33	-28
40	-38	39
16	-14	14
68	-66	67
35	-33	34
19	-14	76
16	-14	-35
23	-16	27
16	-14	40
32	-30	-24
30	-28	29
40	-38	39
25	-23	24
35	-33	33
70	-68	69
-1	-16	48
18	-15	9
35	-33	34
41	-39	40
19	-17	-2
26	-18	70
22	-14	158
17	-20	20
18	-16	-59
36	-83	74
119	-16	26
24	-22	23
19	-17	-63
17	-15	-34
23	-21	23
16	-20	13
21	-14	13
36	-34	89
32	-27	30
17	-15	40
22	-20	21
20	-14	18
32	-25	27
24	-22	23
20	-22	33
32	-22	31
116	-14	112
28	-26	104
24	-19	15
39	-36	37
14	-14	23
17	-15	46
24	-20	-22
17	-15	151
17	-15	16
20	-18	19
25	-23	24
10	-15	17
21	-22	-59
29	-27	28
30	-28	29
17	-14	4
13	-16	39
45	-43	102
38	-36	37
17	-15	18
31	-29	30
26	-24	25
17	-15	13
20	-18	19
20	-18	19
10	-14	4
118	-22	43
12	-15	4
16	-14	14
31	-29	30
28	-26	27
31	-29	30
119	-83	77
93	-14	8
16	-14	35
13	-15	17
31	-29	30
19	-17	15
16	-20	27
35	-33	34
12	-14	-4
23	-15	-44
17	-15	22
16	-14	15
22	-20	21
14	-16	10
17	-14	21
39	-37	38
19	-17	18
34	-32	33
21	-16	119
20	-18	101
33	-31	32
37	-35	36
181	-79	80
24	-25	32
53	-51	69
53	-51	69
16	-14	36
36	-34	37
17	-15	16
29	-24	31
19	-17	-10
21	-19	20
33	-31	32
38	-25	35
23	-21	22
15	-16	38
23	-21	22
23	-21	22
27	-17	34
20	-17	28
16	-14	-48
36	-42	39
18	-18	15
18	-18	15
16	-14	-30
19	-16	12
30	-28	29
16	-14	10
17	-15	8
18	-15	27
142	-40	121
12	-15	6
27	-25	26
18	-16	16
33	-25	33
23	-21	-27
23	-21	-27
19	-14	8
16	-15	27
16	-14	-73
0	-16	33
30	-26	24
18	-14	-9
22	-21	21
29	-27	-10
135	-37	48
48	-43	48
17	-15	16
18	-14	26
24	-22	-22
43	-41	-7
20	-18	19
29	-27	88
20	-16	123
20	-16	123
15	-14	4
-1	-17	-5
16	-15	89
16	-15	89
20	-19	42
16	-15	147
26	-25	14
17	-15	16
27	-24	28
22	-20	-34
116	-14	191
21	-19	20
39	-37	85
124	-25	16
21	-19	20
32	-30	31
45	-31	40
16	-14	0
30	-16	62
17	-16	6
17	-15	16
32	-30	31
21	-19	20
23	-21	-115
52	-50	49
32	-30	-77
122	-20	21
21	-19	20
20	-18	21
23	-17	-103
25	-23	24
20	-18	44
19	-17	20
24	-22	23
16	-14	49
21	-19	-10
13	-16	42
17	-15	-24
29	-22	19
24	-22	23
52	-24	32
25	-23	24
11	-19	5
16	-14	-12
27	-25	26
30	-28	29
170	-69	58
34	-31	30
210	-91	98
10	-15	19
20	-18	17
17	-15	-112
21	-19	20
29	-27	28
19	-20	19
126	-28	29
30	-28	29
16	-16	23
31	-15	75
33	-19	11
22	-14	-54
37	-31	36
29	-14	4
17	-15	12
16	-14	-8
21	-19	-10
23	-21	19
15	-14	29
18	-16	-14
18	-16	17
8	-14	17
32	-30	31
17	-15	46
17	-15	16
24	-22	23
32	-19	22
42	-36	98
20	-18	19
29	-27	28
19	-16	12
19	-17	65
26	-26	28
16	-14	15
16	-14	15
19	-17	-111
16	-14	41
19	-17	49
23	-21	-8
34	-32	33
109	-18	40
37	-32	40
9	-15	28
16	-14	-35
18	-14	106
47	-30	31
32	-30	31
21	-14	23
20	-18	32
21	-27	28
15	-22	23
38	-36	80
16	-14	11
-8	-15	-106
22	-18	72
33	-32	34
23	-21	-9
29	-27	28
11	-14	4
19	-17	18
17	-15	24
17	-15	35
25	-14	27
25	-14	27
20	-18	-4
34	-32	33
18	-16	12
33	-31	32
15	-14	-13
0	-18	-3
13	-14	-4
27	-25	28
17	-15	-106
18	-14	21
36	-35	36
25	-21	11
19	-15	142
16	-16	150
20	-14	-1
17	-15	-55
41	-25	40
40	-28	29
16	-14	35
33	-24	31
2	-20	-8
24	-15	23
22	-20	21
29	-27	52
55	-53	55
35	-33	34
22	-17	22
-3	-16	25
33	-31	32
22	-16	19
19	-21	6
12	-14	6
16	-14	15
73	-71	72
18	-16	17
25	-23	-42
23	-21	22
16	-14	15
58	-56	57
30	-28	29
30	-28	29
35	-25	30
35	-25	30
127	-54	98
99	-97	98
25	-23	24
17	-15	15
11	-14	-6
32	-30	33
32	-30	33
16	-14	26
14	-14	18
28	-16	36
8	-16	14
19	-17	-5
25	-24	16
17	-15	9
24	-15	33
16	-14	-3
16	-14	131
34	-32	33
14	-14	18
25	-23	28
42	-40	32
27	-17	-10
17	-20	6
16	-14	15
20	-18	17
24	-22	-7
21	-14	29
19	-17	5
22	-14	-16
23	-21	22
12	-16	15
17	-15	37
186	-84	73
18	-16	20
18	-16	20
16	-14	-54
14	-15	107
14	-14	116
17	-15	-56
25	-23	24
105	-18	28
21	-26	28
16	-14	54
12	-16	6
27	-25	26
17	-16	9
23	-24	26
20	-18	16
17	-17	109
17	-17	109
16	-21	7
20	-15	68
16	-14	23
-2	-16	-47
20	-17	56
39	-33	33
22	-20	21
16	-14	-77
16	-14	-77
32	-30	31
15	-14	11
25	-23	27
25	-23	27
15	-17	14
22	-20	13
54	-52	53
11	-14	6
21	-14	10
19	-17	18
28	-24	12
17	-15	16
12	-14	30
18	-16	13
17	-14	49
31	-29	30
27	-22	100
29	-27	32
34	-30	36
19	-17	18
34	-32	33
-2	-14	45
24	-15	10
110	-16	-107
39	-26	29
32	-21	24
30	-19	6
24	-25	20
34	-32	33
17	-15	1
25	-16	10
32	-30	31
32	-15	27
23	-16	21
35	-33	37
14	-14	8
32	-30	31
33	-32	29
23	-21	22
22	-20	21
46	-44	45
17	-14	21
16	-14	18
13	-14	22
23	-21	22
26	-21	70
31	-29	30
35	-21	20
14	-21	24
13	-14	32
35	-33	34
22	-20	12
22	-20	-10
21	-17	-39
17	-15	16
24	-22	-15
22	-20	70
17	-15	149
21	-19	22
16	-14	16
25	-23	103
82	-80	82
24	-21	4
2	-14	-13
138	-41	42
17	-15	-3
59	-57	58
25	-23	-34
12	-14	79
25	-23	24
26	-24	19
19	-17	18
22	-20	26
16	-15	21
119	-20	25
18	-16	8
34	-15	6
31	-29	30
29	-27	-43
33	-31	32
17	-14	-116
32	-30	31
16	-14	18
21	-19	-11
17	-15	16
31	-22	24
17	-15	16
21	-19	20
17	-15	16
19	-22	15
32	-30	31
12	-14	20
20	-18	46
21	-19	20
18	-22	46
17	-14	156
123	-29	40
33	-31	40
24	-22	23
31	-27	26
31	-29	30
16	-14	24
17	-15	11
20	-18	22
29	-21	32
20	-18	20
28	-26	27
16	-14	13
24	-18	23
28	-26	27
18	-15	8
20	-18	30
17	-15	16
17	-15	16
26	-17	142
17	-15	16
153	-44	61
17	-21	-17
43	-41	137
25	-23	24
20	-14	8
22	-20	21
43	-41	42
28	-26	27
17	-15	13
25	-19	23
18	-16	94
17	-18	20
20	-18	43
12	-15	23
23	-21	15
19	-14	20
18	-16	18
15	-14	83
15	-16	6
24	-22	23
27	-25	26
17	-15	16
24	-22	23
115	-15	96
16	-14	39
26	-23	25
231	-189	205
16	-14	18
122	-24	40
33	-31	32
27	-24	29
27	-25	26
17	-15	-107
19	-17	51
18	-16	22
43	-41	42
25	-23	-42
18	-15	21
16	-14	15
18	-15	25
18	-15	25
17	-15	16
36	-28	35
17	-15	16
20	-17	24
17	-15	16
-67	-14	-42
28	-26	27
13	-14	30
24	-22	23
16	-14	34
61	-59	60
23	-21	133
20	-15	-2
20	-15	-2
21	-19	20
30	-28	29
6	-14	5
21	-19	-27
26	-24	25
70	-68	69
36	-26	33
36	-26	33
29	-14	-2
15	-15	35
18	-16	17
16	-14	15
21	-21	61
28	-26	27
24	-22	23
21	-14	44
30	-28	30
41	-39	40
31	-19	76
18	-16	17
19	-17	21
23	-14	40
27	-25	26
44	-39	50
42	-41	95
42	-41	95
21	-14	31
18	-18	18
29	-27	28
19	-21	-44
21	-19	-22
17	-15	128
37	-35	36
26	-24	-34
23	-21	96
19	-24	22
16	-14	38
20	-18	24
27	-25	26
14	-14	15
31	-29	30
33	-31	32
16	-14	12
14	-16	-8
136	-29	101
22	-20	-13
18	-15	-7
57	-38	59
27	-25	26
35	-33	34
14	-14	18
25	-23	24
123	-30	55
23	-21	71
17	-17	10
21	-17	76
26	-24	25
15	-16	66
20	-14	26
16	-14	-76
30	-21	55
25	-14	26
16	-14	15
42	-40	41
39	-28	41
27	-25	26
31	-29	30
23	-21	148
26	-24	25
31	-29	30
23	-21	22
17	-15	16
27	-25	25
25	-23	24
12	-14	20
18	-16	21
17	-15	-21
26	-17	12
22	-16	23
21	-19	20
21	-36	74
28	-26	27
29	-27	26
29	-27	26
19	-17	18
18	-14	24
16	-14	10
25	-29	30
17	-15	16
22	-27	28
26	-17	58
23	-21	22
27	-25	25
17	-16	98
18	-16	-41
42	-38	157
38	-36	36
14	-15	-22
20	-19	-20
20	-19	-20
20	-15	38
16	-14	127
21	-19	20
48	-46	39
21	-18	24
21	-18	24
19	-20	19
13	-15	2
42	-40	161
36	-29	32
36	-29	32
17	-14	25
28	-26	27
12	-14	18
31	-29	-20
29	-27	28
26	-24	25
21	-19	20
16	-14	63
17	-14	4
28	-26	85
17	-15	-14
17	-15	35
430	-186	179
19	-18	18
41	-39	40
23	-21	22
21	-18	12
19	-17	27
26	-21	-31
16	-14	15
23	-17	46
17	-15	16
26	-24	18
47	-31	46
20	-18	19
29	-27	28
17	-15	16
34	-32	33
15	-16	9
29	-24	26
160	-59	90
273	-89	190
26	-18	-70
26	-24	25
25	-23	24
31	-29	30
22	-14	18
26	-24	25
16	-14	-37
119	-17	31
16	-14	18
21	-15	-51
31	-24	30
264	-93	197
24	-16	10
25	-23	24
15	-17	76
10	-15	8
21	-19	16
15	-14	17
20	-15	10
32	-30	31
23	-21	-6
34	-32	33
19	-17	18
17	-15	16
19	-17	20
17	-15	17
14	-18	10
25	-23	-63
16	-14	132
17	-15	16
21	-19	20
29	-27	-46
175	-84	179
30	-29	86
25	-23	24
18	-16	12
17	-15	5
25	-23	20
23	-21	23
18	-15	-13
21	-19	-20
115	-14	-71
21	-15	13
36	-34	35
29	-27	28
17	-15	-1
21	-19	20
25	-23	24
35	-40	37
21	-20	-93
18	-16	-103
40	-22	27
40	-38	39
19	-14	46
32	-30	31
19	-21	19
18	-16	18
13	-16	19
32	-30	-19
119	-24	38
21	-19	20
20	-21	26
61	-25	76
25	-19	20
24	-22	23
25	-23	-34
18	-16	8
17	-15	70
37	-27	28
30	-28	80
134	-18	58
17	-15	-56
38	-36	37
1	-15	-48
19	-17	18
70	-68	69
18	-16	-35
17	-20	-55
17	-14	81
17	-14	81
19	-17	18
17	-15	-19
22	-20	53
21	-19	20
20	-14	12
15	-14	31
30	-28	29
15	-14	-7
18	-16	-31
17	-15	16
123	-38	54
23	-20	0
18	-15	-12
31	-20	28
34	-32	33
13	-15	74
13	-15	74
19	-17	22
38	-36	37
19	-17	18
176	-74	63
22	-20	21
23	-21	22
28	-26	27
54	-52	53
18	-16	20
77	-77	87
17	-15	-9
24	-22	23
18	-16	17
17	-15	-28
60	-58	59
16	-14	-38
16	-14	-38
23	-17	7
17	-15	20
28	-26	27
21	-17	20
20	-18	19
16	-16	-5
27	-25	26
11	-15	18
25	-21	21
16	-14	-63
17	-15	7
17	-15	16
18	-16	43
19	-17	18
22	-27	33
28	-24	29
41	-39	40
-9	-17	20
23	-17	70
23	-17	70
17	-15	79
20	-18	19
16	-14	-4
29	-17	61
17	-15	16
25	-23	25
35	-25	29
31	-23	31
17	-15	-6
19	-17	-62
36	-34	35
19	-17	-9
22	-20	21
13	-16	4
17	-15	25
15	-14	-2
28	-15	24
21	-19	20
19	-17	55
16	-14	18
29	-27	28
23	-21	78
32	-30	142
58	-56	44
27	-24	24
41	-33	40
41	-33	40
30	-28	29
20	-18	19
17	-15	16
27	-18	17
17	-15	38
46	-35	31
19	-18	117
18	-16	-11
14	-14	16
14	-14	16
39	-34	35
32	-30	31
20	-18	19
24	-22	23
20	-15	-26
44	-42	43
26	-24	-9
27	-25	26
30	-28	25
16	-14	-60
5	-19	20
26	-24	25
17	-15	16
17	-15	16
18	-16	17
21	-16	11
21	-15	144
39	-37	38
17	-15	134
17	-15	8
16	-14	40
17	-15	76
17	-15	76
22	-19	-74
15	-14	104
35	-44	89
18	-19	-36
18	-19	-36
550	-547	555
22	-17	-7
17	-15	18
27	-25	23
20	-14	53
16	-14	9
16	-14	9
34	-25	24
19	-17	18
16	-14	14
17	-15	16
22	-20	21
17	-14	-90
25	-23	78
16	-14	20
19	-17	18
24	-22	17
13	-14	-5
19	-17	10
39	-33	39
19	-17	88
17	-15	16
16	-14	10
36	-34	35
19	-17	18
13	-15	32
32	-21	27
42	-40	41
20	-17	19
52	-50	-72
17	-15	16
18	-16	26
30	-28	29
27	-25	26
39	-37	38
28	-26	27
30	-28	29
47	-45	46
28	-14	-7
18	-15	15
20	-15	37
16	-20	27
41	-41	47
22	-20	127
103	-73	93
38	-36	37
11	-16	-100
14	-14	65
16	-14	16
28	-26	27
27	-25	26
21	-19	20
67	-65	67
41	-39	40
29	-14	-112
19	-17	20
23	-16	27
19	-17	18
131	-30	31
32	-30	31
41	-30	37
36	-34	35
18	-16	38
19	-15	19
19	-17	-2
29	-27	31
34	-32	33
28	-26	27
19	-17	51
36	-83	74
34	-32	33
26	-24	25
24	-22	23
30	-28	29
19	-17	157
17	-15	16
24	-22	23
17	-15	16
23	-21	22
16	-14	18
30	-24	29
21	-14	33
16	-14	83
112	-15	16
148	-49	50
36	-20	45
24	-26	17
17	-15	18
16	-14	-10
20	-15	130
14	-14	23
1	-16	-97
17	-15	16
26	-24	117
17	-15	13
25	-23	24
17	-14	4
21	-19	21
13	-16	39
46	-44	-12
17	-15	16
38	-36	37
19	-17	30
28	-26	27
24	-22	23
18	-15	82
46	-33	44
33	-31	32
22	-15	-77
12	-15	4
20	-14	18
119	-83	77
23	-21	22
16	-14	42
50	-48	-48
137	-38	-2
101	-16	46
12	-14	-4
18	-16	22
40	-38	39
20	-18	19
22	-20	21
15	-17	10
35	-40	40
36	-34	35
56	-54	55
38	-36	37
33	-31	32
17	-15	16
36	-34	35
33	-31	32
17	-15	16
36	-34	37
21	-19	20
21	-19	20
23	-21	22
31	-29	30
15	-16	38
23	-21	22
69	-67	68
25	-23	24
17	-21	19
17	-15	16
18	-15	27
12	-15	6
33	-31	32
16	-14	18
15	-14	-34
15	-14	-34
16	-14	-13
16	-15	27
122	-21	29
18	-16	17
34	-32	33
8	-16	25
135	-37	48
16	-14	66
18	-16	-134
18	-16	-10
31	-14	27
18	-17	15
16	-17	-27
16	-17	-27
20	-16	123
20	-16	123
19	-17	-42
33	-23	24
-1	-17	-5
20	-19	42
139	-38	76
28	-26	27
21	-15	-6
29	-27	16
25	-17	28
27	-23	28
45	-31	40
36	-23	31
35	-33	135
16	-14	0
30	-16	62
17	-16	6
22	-20	21
17	-15	16
20	-16	10
19	-17	18
16	-14	-56
23	-17	-103
25	-23	24
24	-17	25
26	-24	25
23	-18	115
13	-16	42
32	-19	-1
17	-15	-24
27	-25	26
14	-18	39
16	-14	-25
19	-17	17
16	-14	33
13	-16	10
16	-14	-65
210	-91	98
121	-19	236
10	-15	19
33	-31	-42
31	-29	28
21	-19	20
29	-27	28
39	-37	38
33	-31	32
29	-14	4
15	-14	29
8	-14	17
3	-18	108
18	-16	11
16	-14	34
22	-18	17
20	-14	16
18	-16	15
18	-16	15
27	-27	28
25	-23	24
16	-14	2
23	-21	22
39	-37	38
10	-16	30
19	-15	-11
42	-40	41
25	-23	24
22	-18	72
40	-27	48
11	-14	4
28	-26	62
125	-23	128
25	-14	27
38	-36	32
0	-18	-3
17	-15	16
25	-23	24
16	-14	-4
22	-20	21
17	-15	-7
19	-17	20
16	-14	12
17	-15	-107
17	-15	-107
17	-15	-55
34	-14	19
40	-28	29
19	-17	65
29	-27	63
27	-25	26
29	-27	52
15	-14	18
34	-22	-118
30	-28	55
30	-28	34
22	-17	22
33	-31	32
28	-26	30
17	-15	39
19	-17	18
-32	-16	21
12	-14	6
26	-24	25
20	-14	18
19	-17	18
28	-26	27
32	-30	-6
27	-25	26
31	-29	30
21	-19	-14
24	-22	23
31	-29	30
35	-25	30
35	-25	30
96	-94	98
11	-14	-6
43	-42	33
119	-139	104
18	-17	113
51	-49	50
27	-25	26
14	-14	18
28	-16	36
27	-25	26
16	-14	-20
32	-20	28
16	-14	-3
34	-32	33
14	-14	18
22	-15	10
17	-20	6
12	-16	33
16	-14	15
20	-18	17
13	-14	11
19	-17	5
34	-32	33
26	-24	25
14	-14	12
17	-15	37
36	-34	35
19	-17	20
17	-15	16
30	-18	44
14	-14	116
25	-23	24
15	-14	72
31	-29	30
24	-18	-38
12	-16	6
17	-15	16
43	-41	139
31	-29	30
24	-22	23
22	-20	21
19	-17	-9
12	-16	22
23	-23	23
22	-20	21
101	-17	111
30	-28	29
154	-20	130
17	-15	16
15	-23	20
183	-84	82
21	-14	10
16	-14	-108
21	-18	10
32	-30	109
32	-30	109
32	-30	31
50	-46	56
24	-14	-102
35	-19	30
12	-14	30
13	-14	-54
17	-15	16
22	-20	21
29	-27	28
19	-19	16
42	-37	-24
36	-34	109
35	-24	29
24	-15	10
30	-28	-18
21	-19	20
32	-18	13
31	-20	22
30	-19	6
34	-32	33
17	-15	-110
-2	-14	34
21	-17	16
21	-15	12
13	-14	-75
25	-16	10
22	-23	118
14	-14	8
27	-25	26
37	-35	36
20	-18	43
13	-16	25
17	-14	21
18	-20	-105
19	-17	50
16	-14	18
13	-14	22
21	-19	47
30	-28	27
31	-29	30
30	-28	22
28	-26	27
13	-14	32
22	-20	-77
20	-18	-24
115	-16	19
22	-20	21
18	-15	62
24	-16	23
59	-57	58
27	-25	88
33	-31	32
35	-33	-27
127	-26	103
29	-24	104
29	-24	104
34	-15	6
51	-49	50
31	-29	30
29	-27	28
26	-24	25
22	-26	22
17	-15	60
10	-16	4
383	-204	250
23	-21	-97
11	-15	22
24	-22	92
17	-14	156
26	-28	26
19	-14	-76
25	-23	24
31	-25	66
31	-25	66
24	-18	23
24	-22	23
18	-15	8
17	-15	16
17	-15	16
22	-16	-56
30	-20	102
17	-15	16
153	-44	61
20	-17	42
25	-23	24
29	-27	28
22	-20	21
13	-15	54
12	-15	23
19	-14	20
16	-15	18
18	-14	13
27	-25	26
15	-16	-64
20	-16	20
14	-14	1
14	-14	1
231	-189	205
34	-32	33
25	-23	85
20	-18	77
16	-14	18
35	-33	34
17	-15	16
26	-23	28
24	-22	23
25	-21	26
17	-15	-36
37	-35	36
36	-28	35
21	-15	138
24	-14	-97
13	-14	30
24	-22	23
56	-54	50
20	-17	43
28	-14	18
35	-27	29
25	-16	41
